_id,judul,author,penerbit,imageUrl,sinopsis,tanggal,bulan,tahun,halaman,harga,kategori,isbn,promo,rentbook,diskon,pdfPath
662a307019e396f54db04b80,Marketing 4.0: Bergerak dari Tradisional ke Digital,"Philip Kotler, Hermawan Kartajaya, Iwan Setiawan",Gramedia Pustaka Utama,https://cdn.gramedia.com/uploads/items/9786020621173_Marketing-4.0_Bergerak-dari-Tradisional-ke-Digital.jpg,"Dewasa ini, dunia teknologi bergerak begitu cepat sehingga setiap perubahan mempercepat perubahan berikutnya. Menjadi penting di lingkungan seperti itu untuk memiliki garis dasar dan titik referensi guna membantu pemasar menemukan jalan ke depan. Marketing 4.0 menawarkan pengetahuan baru yang akan menjadi titik awal dan sumber daya yang berharga untuk semua orang yang mencoba menciptakan serta memahami masa depan digital dan mobile. Howard Tullman, CEO Chicagoland Entrepreneurial Center/1871.",6,Januari,2019,192,78000,bisnisekonomi,9786020621173,Enable,Disable,30,
662a307019e396f54db04b81,"Inspirasi Sukses dan Bahagia: Kisah Kisah Inspiratif Untuk Hidup Yang Lebih Bermakna, Sukses dan Bahagia",Tikah Kumala,Syalmahat Publishing,https://penerbityanita.com/wp-content/uploads/2020/05/BUKU-MOTIVASI-INSPIRASI-SUKSES-DAN-BAHAGIA-KISAH-INSPIRATIF-UNTUK-HIDUP-front.png,"“Air lemon ini jika dimasukan ke segelas air kecil memang akan terasa sekali asamnya. Tapi kamu lihat kan, setelah ditaruh di tempat yang lebih besar, dikasih es krim dan gula, rasanya jadi sangat nikmat. Begitupun masalah-masalahmu, Say. Kamu sering menempatkan setiap masalah di wadah yang sempit, sehingga kamu pun merasa bahwa masalah itu sangatlah besar. Padahal jika kamu bisa lebih berjiwa besar, apapun masalahnya akan seperti air lemon dalam teko ini, tak terasa lagi asamnya. Apalagi jika kamu membubuhinya dengan pemanis, yaitu sebuah kesabaran,” Kata saya panjang lebar. Nah, ada dua belas cerita lainnya yang saya tulis dalam buku ini. Saya kemas dengan bahasa sehari-hari, tapi boleh menjadi perenungan Anda. Karena, bagi saya, manusia tanpa tujuan dan motivasi dalam hidup akan kehilangan rok kehidupan. Ia akan merasa dunia ini seperti bola kempes yang tidak ada artinya lagi. Maka dari pertimbangan itu, saya menulis buku ini sebagai usaha untuk menjadi “bagian” kehidupan Anda. Buku ini akan mengunggah motivasi dan menginspirasi pembacanya. Cerita - cerita dalam buku ini disuguhkan dengan singkat dan di setiap kalimatnya sarat akan makna. Sebagian besar merupakan perenungan penulis terhadap hal - hal yang sering terjadi dalam kehidupan sehari - hari. Jadi, tunggu apalagi segera beli buku ini dan semangat berbahagia!",,,2016,179,55000,inspirasi,9786027395237,Disable,Disable,,
662a307019e396f54db04b82,Mantappu Jiwa,Jerome Polin Sijabat,Gramedia Pustaka Utama,https://www.static-src.com/wcsstore/Indraprastha/images/catalog/full//88/MTA-4280180/gramedia_pustaka_utama_gramedia_pustaka_utama_mantappu_jiwa_buku_latihan_soal_by_jerome_polin_sijabat_buku_edukasi_full02.jpg,"""Jadi ini buku latihan soal matematika ya, Jer?"" Bukan! Kata orang, selama masih hidup, manusia akan terus menghadapi masalah demi masalah. Dan itulah yang akan kuceritakan dalam buku ini, yaitu bagaimana aku menghadapi setiap persoalan di dalam hidupku. Dimulai dari aku yang lahir dekat dengan hari meletusnya kerusuhan di tahun 1998, bagaimana keluargaku berusaha menyekolahkanku dengan kondisi ekonomi yang terbatas, sampai pada akhirnya aku berhasil mendapatkan beasiswa penuh S1 di Jepang.Manusia tidak akan pernah lepas dari masalah kehidupan, betul. Tapi buku ini tidak hanya berisi cerita sedih dan keluhan ini-itu. Ini adalah catatan perjuanganku sebagai Jerome Polin Sijabat, pelajar Indonesia di Jepang yang iseng memulai petualangan di YouTube lewat channel Nihongo Mantappu.Yuk, naik roller coaster di kehidupanku yang penuh dengan kalkulasi seperti matematika.It may not gonna be super fun, but I promise it would worth the ride.Minasan, lets go, MANTAPPU JIWA!Aku tahu mimpiku layak dibayar sebegitu tinggi.Oleh keringat dan kerja keras.Aku tahu mimpiku layak diperjuangkan.Dan tidak ada yang bisa memperjuangkannya.Selain oleh aku sendiri. #rumusjeromeAku percaya diri terlalu tinggi yang sebenarnya beda tipis dengan kesombongan, tidak akan membawa kita kemana-mana. #rumusjerome",19,Agustus,2019,228,74000,inspirasi,9786020632414,Disable,Disable,,
662a307019e396f54db04b83,Baking At Home: 50 Resep Simpel & Anti Gagal Ala Luvita Ho,Luvito Ho,Gramedia Pustaka Utama,https://cdn.gramedia.com/uploads/items/LUVOTA_HO_C_1_4_R2_page-0001.jpg,"Apakah Anda sedang jenuh dengan kegiatan yang itu - itu saja? Yuk, coba kegiatan baru! Salah satu kegiatan baru yang menyenangkan adalah baking. Proses pembuatan kue tentu berbeda dengan memasak pada umumnya, selain dari takaran bahan-bahan yang pasti, proses pembuatan kue cenderung lebih panjang. Selain menambah keterampilan dan pengalaman memasak, belajar baking juga bisa menjadi peluang usaha yang menjanjikan. Namun, terkadang beberapa dari Anda di rumah sering mengandalkan video tutorial saja untuk membuat roti atau kue. Sehingga kemungkinan hasil gagal di setiap membuat kue/roti menjadi besar. Inilah saatnya Anda membeli buku Buku Baking at Home-50 Resep Simpel & Anti gagal ala Luvita Ho.",21,Mei,2022,125,118000,resepmasakan,9786020661568,Disable,Disable,,
662a307019e396f54db04b84,Hidup Itu Pilihan (How to Make Meaningful Life),Ghyna,C-Klik Media,https://down-id.img.susercontent.com/file/3b821bd09856224a8666cee0c73fd1e7,"Banyak hal yang dapat dimaknai dari kehidupan yang saat ini sedang kita jalani, baik hal baik, buruk, maupun tidak terduga. Tentunya, banyak sekali hal dalam hidup ini. Sering kali, kita memaknai sebuah pilihan sebagai representasi “yes atau no”, “ya atau tidak”, “baik atau buruk”, serta “lakukan atau jangan lakukan”. Padahal, pilihan jauh lebih luas daripada itu. Bahkan, memilih merupakan sebuah kegiatan yang bisa kita lakukan tanpa perlu menyadarinya. Bagaimana cara agar setiap pilihan yang kita lakukan; benar atau salah, baik atau buruk, atau jika semua pilihan terlihat abu-abu bisa menjadi bermakna? Tentu kita harus mengetahui caranya. Sebab, kita hidup untuk memilih dan kita memilih untuk hidup.



",1,September,2021,201,57000,inspirasi,9786233570053,Disable,Disable,,
662a307019e396f54db04b85,Sejarah Dunia Yang Disembunyikan,Jonathan Black,Alvabeta,https://cdn.gramedia.com/uploads/items/lgkld.jpg,"Banyak orang mengatakan bahwa sejarah ditulis oleh para pemenang. Hal ini sama sekali tak mengejutkan alias wajar belaka. Tetapi, bagaimana jika sejarah atau apa yang kita ketahui sebagai sejarah—ditulis oleh orang yang salah? Bagaimana jika semua yang telah kita ketahui hanyalah bagian dari cerita yang salah tersebut? Dalam buku kontroversial yang sangat tersohor ini, Jonathan Black mengupas secara tajam penelusurannya yang brilian tentang misteri sejarah dunia. Dari mitologi Yunani dan Mesir kuno sampai cerita rakyat Yahudi, dari kultus Kristiani sampai Freemason, dari Karel Agung sampai Don Quixote, dari George Washington sampai Hitler, dan dari pewahyuan Muhammad hingga legenda Seribu Satu Malam, Jonathan menunjukkan bahwa pengetahuan sejarah yang terlanjur mapan perlu dipikirkan kembali secara revolusioner. Dengan pengetahuan alternatif ihwal sejarah dunia selama lebih dari 3.000 tahun, dia mengungkap banyak rahasia besar yang selama ini disembunyikan. Buku ini akan membuat Anda mempertanyakan kembali segala sesuatu yang telah diajarkan kepada Anda. Dan, berbagai pengetahuan baru yang diungkapkan sang penulis benar-benar akan membuka dan mencerahkan wawasan Anda.",14,Mei,2015,636,165000,sejarah,9786029193671,Disable,Disable,,
662a307019e396f54db04b86,Berani Tidak Disukai,Ichiro Kishimi & Fumitake Koga,Gramedia Pustaka Utama,https://images.tokopedia.net/img/cache/500-square/VqbcmM/2022/1/23/0786c1a7-e4f6-4382-8034-299986237ecc.jpg,"Berani Tidak Disukai memiliki judul asli ""The Courage to be Disliked: How to Free Yourself, Change Your Life and Achieve Real Happiness"". Buku karangan Ichiro kishimi dan Fumitake Koga ini telah terjual sebanyak lebih dari 3,5 juta eksemplar. Buku ini laris di pasaran hingga diterjemahkan ke dalam berbagai bahasa, salah satunya bahasa Indonesia. Berani Tidak Disukai merupakan buku yang berisikan dialog antara seorang filsuf dengan seorang pemuda. Dialog yang dilakukan selama lima malam ini, berisi percakapan dari seorang pemuda yang tidak puas dengan kehidupannya dan seorang filsuf yang mengajarkannya tentang bagaimana cara mendapatkan kebahagiaan di dunia. Dialog-dialog tersebut dibingkai menjadi lima percakapan yang tiap percakapannya memuat satu inti menarik tentang hidup.Dalam buku ini, pembaca akan merasakan bahwa seluruh rangkaian kata yang ada di dalam-nya seperti sebuah kutipan. Hampir semuanya berisikan makna indah dan membuat pembaca berpikir tentang bagaimana cara untuk berubah menjadi lebih baik. Berani Tidak Disukai membantu para pembaca untuk menggali kekuatan di dalam dirinya sebagai bekal meraih kebahagiaan yang diinginkan. Ada banyak hal baru yang akan membuat pembaca sadar bahwa beberapa hal seharusnya tidak dilakukan saat ini karena hal tersebut bisa saja menghambat kebahagiaan pada masa depan.Salah satu contohnya adalah mengenang trauma masa lalu dan menjadikan kehidupan orang lain sebagai standar kebahagiaan. Setelah membaca buku ini, pikiran pembaca menjadi semakin terbuka pada langkah baru untuk mengubah hidup menjadi lebih baik lewat tindakan berani untuk tidak disukai oleh orang lain. Bagian menarik dari buku ini ialah ketika seorang filsuf berbicara menurut pandangannya tanpa berusaha menggurui si pemuda. Namun, pandangan dari sang filsuf tersebut justru dapat menjadi pembelajaran bagi pembaca.",9,September,2019,352,88000,inspirasi,9786020633213,Disable,Disable,,
662a307019e396f54db04b87,Legenda Naga III 07,Yoshito Yamahara,Elex Media Komputindo,https://cdn.gramedia.com/uploads/picture_meta/2023/3/23/qdovw2qutfts8jdac69ivs.jpg,"Berkat pertolongan Jiao Xian, Guan Ping berhasil menyelamatkan Dewi Naga dan melarikan diri dengan perahu. Namun, ternyata di sana telah menunggu Ma Chao yang terbakar dendam pada Dewi Naga. Sementara, Shiro tiba untuk menolong Jiao Xian yang terdesak oleh Dafang, si Pertapa Sesat. Melawan musuh yang sangat kuat ini, Shiro menunjukkan jurus Pukulan Nyata yang telah dia sempurnakan.",22,Maret,2023,168,32000,komik,9786230046599,Disable,Disable,,
662a307019e396f54db04b88,Berani Langsing Mulai Sekarang!: Mendapatkan Tubuh Ideal,Praba Ratnani,Healthy,https://cdn.gramedia.com/uploads/items/9786232444843.jpg,"Ada banyak cara untuk menurunkan berat badan (diet) mulai dari yang ekstrem, sampai yang berorientasi pada tujuan tertentu. Buku ini membahas Diet-Diet Seperti TLC Diet, Mediterranean Diet, Weight Watcher, Flexitarian Diet, sampai dengan Dash Diet. Masing-masing jenis diet tersebut menyesuaikan dengan kemampuan masing-masing tubuh. Maka, seyogianya, pahami dulu bagaimana masing-masing jenis diet bekerja untuk mendapatkan hasil yang maksimal.",21,Februari,2021,202,37500,medis,9786232444843,Disable,Disable,,
662a307019e396f54db04b89,Bahasa Mandarin Sistem 52M Vol. 1,"Fu Ruomei, Agustian",Kesaint Blanc,https://cdn.gramedia.com/uploads/items/9789795939375.jpg,"Buku Bahasa Mandarin Sistem 52M menghadirkan kursus bahasa Mandarin yang bisa dilakukan secara individu dan mandiri (di luar ruang kelas formal). Kursus dalam buku ini memuat berbagai macam tata bahasa dasar, percakapan, kosakata, frasa dan ungkapan-ungkapan yang paling sering digunakan dalam situasi kehidupan kita sehari-hari. Sesuai dengan namanya ""52M"" pembaca diharapkan bisa mahir bahasa Mandarin dalam 52 minggu (satu tahun) dengan menggunakan buku ini secara tekun per minggunya. Dalam mencapai tujuannya tersebut, metode penyajiannya pun disusun agar mudah dipahami oleh orang Indonesia, termasuk cara pengucapan dan penulisannya.",11,Maret,2018,134,95000,bahasaasing,9789795939375,Disable,Disable,,
662a307019e396f54db04b8a,Bahasa Prancis Itu Gampang,Isna Fatmawati,Anak Hebat Indonesia,https://cdn.gramedia.com/uploads/items/9786237210344_Bahasa-Prancis-Itu-Gampang.jpg,"Buku Bahasa Prancis Itu Gampang ini hadir dihadapan Anda sebagai pegangan pokok dalam mempelajari bahasa Prancis, khususnya bagi para pemula. Buku ini disajikan dengan materi belajar bahasa Prancis yang meliputi tata bahasa Prancis, kosakata bahasa Prancis, dan percakapan sehari-hari dalam bahasa Prancis. Tentunya, setiap pembahasan dalam buku Bahasa Prancis Itu Gampang ini dikemas dengan ringkas dan praktis, plus contoh-contoh dan latihan soal. Diharapkan buku ini dapat membantu para pembaca untuk memperdalam kemampuan bahasa Prancis yang sudah dimiliki atau baru ingin mulai untuk mempelajari. Bon apprentissage!",25,Juli,2019,276,50000,bahasaasing,9786237210344,Disable,Disable,,
662a307019e396f54db04b8b,Kue Tradisional Indonesia Resep Bakulan Toko Kue Sabine,AA Putu Tuti Diantarini,Gramedia Pustaka Utama,https://cdn.gramedia.com/uploads/items/kue_populer_Sabine_C_1_4_R3_page-0001.jpg,"Buku ini berisi resep-resep kue tradisional Indonesia yaitu kue-kue Jajan Pasar yang sekarang ini agak susah ditemukan. Kumpulan resep kue-kue yang sejak tahun 2005 dibuat dan dijual di Toko Kue Sabine. Selama kurun waktu sekitar 16 tahun kue-kue dari Toko Sabine yang enak dan lezat telah menggunakan resep-resep yang ada di buku ini, sehingga bisa dikatakan anti gagal. Diantaranya adalah: Carabikang, Kue Cucur, Onde-onde, Dadar Gulung, Kue Wingko, Sosis Solo, Apem Selong, Papare, Putri No'ong, dan Pukis Banyumas.",19,Juli,2022,96,98000,resepmasakan,9786020662060,Disable,Disable,,
662a307019e396f54db04b8c,7 Langkah Efektif Belajar Bahasa Arab,Farida Setiawaty,kesaint Blanc,https://cdn.gramedia.com/uploads/items/9789795939559_7_Langkah_Efektif_Belajar_Bahasa_Arab.jpg,"Buku ini disusun sedemikian rupa sehingga dapat memudahkan pembaca yang ingin belajar bahasa Arab meskipun sebagai pemula atau baru saja mengenal gramatika bahasa Arab. Pada kenyataannya bahasa Arab adalah bahasa yang dapat dipelajari dengan mudah sebagaimana bahasa asing lainnya. Buku ini menepis anggapan bahwasanya bahasa Arab Iebih membosankan dan Iebih sulit untuk dipelajari, karena pada buku ini, penulis mengenalkan secara utuh sejarah bahasa dan bangsa Arab. Pada bagian lainnya penulis menyisipkan motivasi yang merupakan kunci belajar bahasa Arab. Penulis juga memberikan beberapa latihan yang disertai dengan jawaban, karena belajar bahasa Arab ibarat memasak, tidak cukup dengan hanya membaca dan mengumpulkan resepnya, tapi juga harus dipraktikkan cara memasaknya.",11,Maret,2018,192,80000,bahasaasing,9789795939559,Disable,Disable,,
662a307019e396f54db04b8d,Setiap Pebisnis Harus Punya Buku Ini! - New Edition,Dini Hertita,Elex Media Komputindo,https://cdn.gramedia.com/uploads/items/9786230030932_CoverDepan_Setiap_Pebisnis_Harus_Punya_Buku_Ini.jpg,"Buku ini membahas langkah-langkah untuk memulai dan mengembangkan bisnis dengan hasil yang luar biasa. Menurut ahli, Prof. L. R. Dicksee,bisnis merupakan suatu bentuk aktivitas yang tujuan utamanya adalah untuk memperoleh keuntungan bagi yang mengusahakan atau yang berkepentingan dalam terjadinya aktivitas tersebut. Karena itu, pentingnya memahami pelayanan dalam bisnis, terutama pada aktivitas dengan hasil jangka panjang yang lebih besar. Dalam rangkuman ini, Anda akan mempelajari cara membangun suatu sistem dalam berbisnis.",9,September,2018,196,80000,bisnisekonomi,SCOOPG162535,Disable,Disable,,
662a307019e396f54db04b8e,Jago Ngomong Bahasa Inggris Sehari-Hari,Fitri Rahmawati,Cemerlang Publishinh,https://cdn.gramedia.com/uploads/items/9786025176647_Jago-Ngomong-Bahasa-Inggris-Sehari-Hari.jpg,Buku yang dapat memberikan gambaran tentang bagaimana penutur bahasa Inggris berkomunikasi sehari-hari. Banyak ungkapan-ungkapan yang dapat ditemukan dalam buku ini. Ungkapan-ungkapan ini tentunya tidak dapat kita terjemahkan kata per kata. Karena kalau kita paksakan untuk diterjemahkan kata per kata maka maknanya akan jauh berbeda.,30,September,2018,120,37500,bahasaasing,9786025176647,Disable,Disable,,
662a307019e396f54db04b8f,Mariposa,Luluk HF,Coconut Books,https://www.static-src.com/wcsstore/Indraprastha/images/catalog/full//86/MTA-3045712/gramedia_mariposa_full02.jpg,"Buku yang dikarang oleh penulis bernama Luluk HF dan memiliki judul Mariposa ini adalah buku yang menceritakan mengenai Natasha Kay Loovi atau yang biasa dikenal dengan sapaan Acha. Acha merupakan gadis ajaib yang memiliki paras cantik layaknya seorang bidadari. Selain itu, Mariposa ini juga merupakan buku yang menceritakan mengenai Iqbal. Siapa nama panjang dari Iqbal? Jangan tanya nama panjang dari Iqbal, karena nanti kalian akan jatuh cinta! Yang perlu kalian tahu yaitu Iqbal adalah pria yang memiliki hati dingin. Dirinya juga memiliki hidup yang sangat monoton.Novel Mariposa ini mengisahkan mengenai perjuangan dari Acha yang ingin mendapatkan cinta dari seorang Iqbal. Acha tidak pernah merasakan gentar di dalam usahanya untuk meruntuhkan dingin dan kokohnya tembok pertahanan hati dari seorang Iqbal yang memang belum pernah disinggahi perempuan manapun. Sikap dingin dan penolakan yang ditunjukkan berkali-kali oleh Iqbal kepada Acha pun tak lantas membuat gadis tersebut akhirnya menyerah. Hal itu dikarenakan bagi Acha, selama Iqbal masih berwujud manusia dan selama Iqbal tidak berubah menjadi sapi terbang, Acha akan terus berjuang.Siapkan hati yang mandiri untuk membaca cerita Acha dan Iqbal ini. Hati-hati jantung Anda, mohon selalu dijaga. Serangan baper (bawa perasaan) akan terus menyerang tanpa henti! Novel ini juga memiliki cover seperti di filmnya. Kisah romantis komedi remaja yang siap memanjakan hari indah Anda semua. Jangan lupa selalu bahagia!",19,Maret,2020,496,99000,novel,9786025508615,Disable,Disable,,
662a307019e396f54db04b90,Memahami Bisnis Bank,Ikatan Bankir Indonesia,Gramedia Pustaka Utama,https://cdn.gramedia.com/uploads/items/9786020300597_Memahami-Bisnis-Bank-cover-baru.jpg,"Buku yang disusun oleh Kelompok Kerja (Pokja) General Banking I Ikatan Bankir Indonesia (IBI) dan Lembaga Sertifikasi Program Perbankan (LSPP) ini merupakan acuan minimal yang harus dimiliki oleh calon pimpinan bank tingkat pertama (officer) di tengah bervariasinya program pengembangan calon officer masing-masing bank. Buku Memahami Bisnis Bank ini merupakan referensi wajib bagi setiap calon peserta yang akan mengikuti sertifikasi General Banking Tingkat I yang ditujukan bagi setiap calon pegawai, pegawai bank level officer, atau calon pemimpin bank. Buku ini juga disertai dengan latihan soal yang membantu pembaca memahami isi buku sekaligus mempersiapkan diri mengikuti sertifikasi.",19,November,2017,336,88000,bisnisekonomi,9786020300597,Disable,Disable,,
662a307019e396f54db04b91,Hidden,Asabell Audida,Romancious,https://cdn.gramedia.com/uploads/items/9786025406577_Hidden.jpg,"Ceye melakukan kesalahan terbesar sebagai seorang idol! Hal itu membuatnya harus diasingkan untuk sementara waktu dari publik. Pria itu memilih kembali ke desa kelahirannya yang nyaris 7 tahun tak pernah ia kunjungi. Di sana, Ceye mendapatkan cinta dari semua orang, kecuali dari Gwen. Wanita itu membenci Ceye setengah mati tanpa alasan yang jelas. Ceye pun mencari tahu alasan yang Gwen sembunyikan. Selama di Boseong, Gwen selalu bersikap acuh pada Ceye. Ternyata, Gwen meminta cerai. Ceye tidak bisa menuruti kemauan Gwen begitu saja. Akhirnya, mereka pun membuat kesepakatan agar kedua keluarga yang sudah bertetangga sejak dahulu dan bersahabat baik tersebut tidak mengecewakan orang tua mereka atas perjodohan kedua keluarga tersebut. Akhirnya, Ceye dan Gwen membuat kesepakatan Ceye akan menceraikan Gwen setelah Gwen mau ikut Ceye kembali ke Seoul untuk beberapa saat. Di sisi lain, ada side story yang menceritakan satu pasangan lainnya. Jeonkook berpikir bahwa Niana adalah cinta sejatinya. Sayangnya, mereka berada dalam satu agensi yang melarang para trainee terikat hubungan. Lalu, tepat saat Niana berhasil debut di Tiongkok, Jeonkook justru dipertemukan dengan Sona, seorang penggemar yang mampu membuat Jeonkook menemukan sisi berbeda dalam dirinya. Bagi Jeonkook, Sona itu istimewa. Hingga pada akhirnya, Jeonkook bimbang, kepada siapa hatinya tertuju.",4,Juli,2018,220,99000,novel,9786025406577,Enable,Disable,30,
662a307019e396f54db04b92,"Hamka "" Ulama Serba Bisa dalam Sejarah Indonesia",Tim Historia,Kompas Media Nusantara,https://cdn.gramedia.com/uploads/items/9786024124946_Hamka--Ulama-Serba-Bisa-Dalam-Sejarah-Indonesia.jpg,"Selalu ada kisah menarik soal Hamka, berikut kontroversinya. Sudah banyak kita ketahui lakon sejarah yang pernah dia perankan semasa hidupnya: Hamka bukan ulama biasa, pula bukan pendakwah ala kadarnya.Hamka seorang penulis yang produktif, dari sastra sampai sejarah. Sebagai aktor politik dalam gelanggang pertarungan kekuasaan, Hamka pengusung Islam yang kukuh dan teguh.Tentu Hamka pernah pula kesandung. Pada suatu waktu dia nyaris tenggelam bersama kapal Van Der Wijck, roman yang karangannya terbit pada 1939. Tuduhan menjiplak karya Al-Manfaluthi bak peluru meriam yang ditembakkan tepat mengenai lambung kapalnya. Hamka oleng. Serangan dan pembelaan terhadapnya sempat meramaikan jagat kesusastraan.",,Juni,2020,230,49000,sejarah,9786024124946,Disable,Disable,,
662a307019e396f54db04b93,Married to Mr.Park,Yeny Kristina,Reneluv,https://jbr.id/store/wp-content/uploads/2021/11/2-1.jpg,"Emma Rose adalah seorang gadis yang baru saja lulus SMA. Dia harus menghadapi kenyataan pahit saat ibunya divonis terkena leukemia. Di usia yang masih muda ia harus menikah dengan laki-laki asing hanya untuk mendapatkan warisan dari sang ayah agar ibunya bisa berobat. Emma tidak pernah menyangka bahwa ia harus berakhir menikah dengan seorang idol grup papan atas bernama Park Chanyeol. Bukannya bahagia, kehidupan sehari-hari Emma justru dipenuhi dengan banyak masalah karena pria yang berstatus suaminya itu. Semua rencana, tujuan, dan cita-cita yang sudah disusun menjadi hancur berantakan karena sebuah insiden yang tidak pernah ia bayangkan sebelumnya karena ia hamil anak Park Chanyeol. Apakah keputusan yang akan diambil oleh Park Chanyeol dan Emma? Akankah mereka mengorbankan mimpi masing-masing demi keluarga kecil mereka? Park Chanyeol, Aku ingin semua orang tahu bagaimana aku jatuh cinta pada musik. Saat ayahku memberikan pilihan untuk meninggalkan karierku sebagai seorang idol atau menikahi gadis pilihan ayah, aku memilih opsi kedua, Emma Rose hanyalah gadis biasa, berbanding terbalik dengan kekasihku. Namun, entah kenapa saat melihat Emma bersama pria lain, seperti ada sesuatu yang menghantam dadaku. Semakin lama aku sadar, hubungan kami terlalu berisiko untuk terus dijalani. Bukankah masa depan dan keselamatan Emma lebih penting dibandingkan apa pun? Emma Rose, Duniaku runtuh dalam sekejap saat ibuku divonis terkena leukemia. Demi melunasi biaya pengobatan ibuku, aku harus rela menikah dengan laki-laki asing. Namanya Park Chanyeol yang merupakan seorang idol grup papan atas. Sialnya, semua rencana, tujuan, dan cita-cita yang sudah disusun menjadi hancur berantakan karena sebuah insiden yang tidak pernah kubayangkan sebelumnya dan itu semua karena Park Chanyeol!!!
",10,Februari,2020,412,99500,novel,9786021201848,Disable,Disable,,
662a307019e396f54db04b94,Eufloria,Abimanyu S Nagara,Bukune,https://img.lazcdn.com/g/p/51be86932f53e227c73907fb666d6135.jpg_720x720q80.jpg,"Eufloria adalah BTS fan art story book karya dari penulis K-fiction, Asabell Audida yang berkolaborasi dengan ilustrator, Abimanyu S. Nagara. Terinspirasi dari perjalanan tujuh pemuda yang meraih kesuksesan dalam sebuah idol group bernama BTS, Eufloria menyajikan cerita berbunga-bunga hingga sajak-sajak yang menyentuh. Ilustrasi-ilustrasi manis di dalamnya menemanimu hanyut dalam kisah mereka. Mari tenggelam menjadi bagian dalam euforia rasa Eufloria. Because sometimes flowers speak deeper than words.Grup vokal pria asal Korea Selatan. Grup ini beranggotakan tujuh orang, antara lain RM, J-Hope, Suga, Jin, V, Jungkook, dan Jimin, yang dikelola oleh Big Hit Music memiliki basis massa yang sangat besar dan tersebar di seluruh dunia. BTS menjadi fenomena besar.Beberapa lagunya yang menjadi favorit fansnya yang biasa dipanggil army. Kamu bisa memiliki buku ini dan mendengarkan kisah-kisah idola mu dengan tenang dan menyenangkan.",16,November,2018,168,110000,novel,9786022202950,Disable,Disable,,
662a307019e396f54db04b95,Harry Potter And The Sorcerers Stone,J.K. Rowling,Sinar Star Book,https://cdn.gramedia.com/uploads/picture_meta/2023/7/3/a6pkhtnanp2hwyyuog9sep.jpg,"Harry Potter and the Sorcerer's Stone is the first novel in the epic Harry Potter series, written by J.K. Rowling. The story begins the extraordinary journey of an orphaned boy named Harry Potter, who never knew he was destined for greatness as a wizard. Harry Potter, ignored and mistreated by his aunt and uncle since infancy, receives an unexpected letter. On his eleventh birthday, a mysterious man named Hagrid appears and reveals the truth about his heritage: Harry is a renowned wizard, and his parents were killed by the dark wizard, Lord Voldemort, when Harry was just a baby. In a short time, Harry is invited to attend Hogwarts School of Witchcraft and Wizardry, the renowned school of magic in the wizarding world. There, he meets his loyal classmates, Hermione Granger and Ron Weasley. Together, they navigate a world filled with enchantment, magical creatures, and astonishing secrets. However, there is one terrifying secret hidden within Hogwarts: the Sorcerer's Stone. This stone has the power to grant immortality and unlimited wealth to its possessor. The evil Lord Voldemort seeks to acquire the Sorcerer's Stone and use it to regain his full power. Only Harry stands a chance of stopping Voldemort's wicked plans. With the guidance of wise teachers and the heroic actions of his friends, Harry faces daunting challenges and embarks on extraordinary adventures to protect the Sorcerer's Stone and save Hogwarts from an unimaginable threat. Along the way, Harry discovers bravery, true friendship, and an understanding of his inevitable destiny. Harry Potter and the Sorcerer's Stone is a tale filled with magic, wonder, and mystery. It is the beginning of the epic journey of Harry Potter that has captivated the hearts of millions of readers worldwide, transporting them into a mesmerizing and enchanting world of wizardry.",2,Juli,2023,308,227000,novel,9781338299144,Disable,Enable,,Harry Potter and the Sorcerer's Stone.pdf
662a307019e396f54db04b96,Kado Terbaik,J.S. Khairen,Gramedia Widiasarana Indonesia,https://cdn.gramedia.com/uploads/items/FIX.png,"Kado Terbaik berkisah tentang seorang laki-laki, Rizki, yang ditinggal ayahnya yang meninggal karena tertembak dan dibuang ibunya di panti asuhan ilegal. Ia dibuang bersama dua adik perempuannya. Panti asuhan yang mereka tinggali bukan panti asuhan betulan. Dari luar memang ada plang besi bertuliskan panti asuhan. Di dalamnya? Terasa seperti penjara yang amat menakutkan. Selama di panti asuhan, ia hidup terlunta-lunta dan penuh derita. Mereka bukannya mendapatkan pendidikan yang lebih baik, malah justru disuruh mencari uang di jalanan. Ketika beranjak dewasa, ia keluar dari panti asuhan itu dan berjanji suatu saat akan membawa adik-adiknya keluar dan hidup layak. Pada tujuh hari menjelang Lebaran, Rizki kembali ke panti asuhan dan bertemu adik-adiknya. Adik terkecilnya meminta kado Lebaran. Rizki tidak bekerja. Ia harus mencari cara apapun agar bisa memberikan kado untuk adiknya itu, sekalipun harus mencopet atau menjadi kurir barang haram. Selain harus berjuang untuk dirinya sendiri, ia juga harus menjaga adik-adiknya dari berbagai ancaman. Novel remaja ini menyoroti tentang banyak faktor kemiskinan yang tergambar melalui kejadian 7 hari menjelang hari raya Idul Fitri. Namun, isu sosial yang dibahas bukan hanya tentang kemiskinan saja, melainkan jual beli manusia, peredaran obat terlarang, pemaksaan kerja pada anak di bawah umur, penjualan organ manusia, dan juga isu panti asuhan ilegal.",7,April,2022,256,89000,novel,9786020529325,Enable,Disable,30,
662a307019e396f54db04b97,Funiculi Funicula (Kohi Ga Samenai Uchi Ni---Before the Coffee Gets Cold),Toshikazu Kawaguchi,Gramedia Pustaka Utama,https://down-id.img.susercontent.com/file/a5ce7bba386d5f734a780da17e2c5d23,"Kafe tua yang berada di gang kecil Tokyo terletak di bawah gedung lain, tidak butuh pendingin untuk mendinginkan Kafe tersebut. Tidak begitu ramai, namun terkenal karena bisa membawa pengunjungnya menjelajahi waktu. Keajaiban kafe itu menarik seorang wanita yang ingin memutar waktu untuk berbaikan dengan kekasihnya, seorang perawat yang ingin membaca surat yang tak sempat diberikan suaminya yang sakit, seorang kakak yang ingin menemui adiknya untuk terakhir kali, dan seorang ibu yang ingin bertemu dengan anak yang mungkin takkan pernah dikenalnya. Namun ada banyak peraturan yang harus diingat. Satu, mereka harus tetap duduk di kursi yang telah ditentukan. Dua, apapun yang mereka lakukan di masa yang didatangi takkan mengubah kenyataan di masa kini. Tiga, mereka harus menghabiskan kopi khusus yang disajikan sebelum kopi itu dingin. Rentetan peraturan lainnya tak menghentikan orang-orang itu untuk menjelajahi waktu. Akan tetapi, jika kepergian mereka tak mengubah satu hal pun di masa kini, layakkah semua itu dijalani?",20,April,2021,224,70000,novel,9786020651927,Enable,Disable,30,
662a307019e396f54db04b98,Tenses & Vocabulary itu Gampang,Setiawan Agung Pamungkas,Anak Hebat Indonesia,https://cdn.gramedia.com/uploads/items/9786237210788_Tenses--Vocabulary-Itu-Gampang-Belajar-Dan-Menghafal-Jadi.jpg,"Kebutuhan akan bahasa asing memang sangat penting bagi hampir setiap orang. Sebab, memiliki kemampuan untuk menguasai lebih dari satu bahasa asing akan meningkatkan keahlian Anda dalam berpikir serta memberikan Anda peluang yang banyak dalam dunia pendidikan dan karier. Pepatah kuno mengatakan, Belajar merupakan sebuah warisan yang akan mengikuti pemiliknya di mana pun berada. Artinya, seseorang yang belajar suatu ilmu akan menuai manfaat dari apa yang telah ia pelajari dan ilmu tersebut akan sangat berguna sepanjang perjalanan hidupnya.",25,Juli,2019,208,45500,bahasaasing,9786237210788,Disable,Disable,,
662a307019e396f54db04b99,Rahasia Bersikap Tenang Dalam Kondisi Apa pun (Situasi Apa pun Dapat Kita Taklukan),Sabrina Ara,Syalmahat Publishing,https://penerbityanita.com/wp-content/uploads/2020/05/BUKU-MOTIVASI-INSPIRASI-RAHASIA-BERSIKAP-TENANG-DALAM-KONDISI-APAPUN-front.png,"Kehidupan adalah rantai masalah sambung menyambung hingga dunia berakhir. Tidak ada satu pun manusia yang tidak pernah tidak mengalami masalah sekali pun selama hidupnya. Keseharian masalah justru menghubungkan manusia satu dengan yang lain, mempertemukan kebutuhan dengan si pencari, mengeratkan yang lepas kepada yang memiliki. Masalah hadir sebagai ujian yang bisa jadi membawa perubahan nasib, entah baik atau buruk. Semua tergantung bagaimana kita menyikapi masalah tersebut.Berangkat dari masalah yang tidak mungkin luput dari hidup, buku Rahasia Bersikap Tenang Dalam Kondisi Apa pun (Situasi Apa pun Dapat Kita Taklukan) ini hadir untuk menawarkan harapan baik. Harapan harus dikibarkan sebagai penunjuk jalan agar kita tidak tersesat pada alamat yang salah. Harapan baik, perubahan terjadi ketika Anda dapat menghadapi masalah dengan tenang.Bersikap tenang menghadapi masalah akan berdampak baik pada kehidupan Anda. karena itulah buku ini dikemas, mengupas tuntas 7 kunci bersikap tenang ketika menghadapi kondisi apa pun. Harapannya, buku ini dapat membantu Anda mengembangkan diri.Daftar IsiBAB I: Kenali Siapa Diri AndaBAB II: Perkuat Potensi DiriBAB III: Masalah Pasti Datang, Jangan Tegang!BAB IV: Pegang Erat Tali Kendali AndaBAB V: Singkirkan Pikiran NegatifBAB VI: Ubah Tekanan jadi TantanganBAB VII: Buat Keputusan BijakDetail BukuJudul: Rahasia Bersikap Tenang Dalam Kondisi Apa pun (Situasi Apa pun Dapat Kita Taklukan)Penulis: Sabrina AraJumlah Halaman: 126 hlmTahun Terbit: 20 Desember 2019Penerbit: Syalmahat PublishingISBN: 9786239137854Bahasa: IndonesiaBerat Buku: 0,350 kgDimensi Buku: 14 x 20 cm",19,November,2022,126,59500,inspirasi,9786239137854,Disable,Disable,,
662a307019e396f54db04b9a,"Kewirausahaan Pola Pikir, Pengetahuan, Dan Keterampilan","Dr. Sarfilianty Anggiani, M.M., Mba.",Prenadamedia Group,https://cdn.gramedia.com/uploads/items/Kewirausahaan_Pola_Pikir_Pengetahuan_Dan_Keterampilan_Edi.jpg,"Kewirausahaan Pola Pikir, Pengetahuan, Dan Keterampilan",23,Juni,2022,238,82000,bisnisekonomi,9786024226121,Disable,Disable,,
662a307019e396f54db04b9b,Educomics Plant vs Zombie Komik Sains Robot 1: Labirin Robot,Xiao Jiang Nan,Bhuana Ilmu Populer,https://cdn.gramedia.com/uploads/items/_KOVER_Plants_vs_Zombies_Labirin_robot.jpg,"Kota Plant dilanda kegaduhan karena mereka tiba-tiba diserang oleh pasukan robot pembersih. Setelah diselidiki, sistem robot itu telah terinfeksi oleh virus. Ternyata ini adalah rencana Dr. Zomboss, yang telah mengembangkan sebuah Robot AI super canggih untuk memusnahkan para Plant.Bagaimana Green Shadow dan Solar Flare, dua teman baru dari Dunia Pahlawan, mengatasinya? Mampukah para Plant keluar dari sebuah labirin robot yang indah tapi menakutkan? Komik Plants vs. Zombies Robot Sains ini mengisahkan Green Shadow dan Solar Flare bersama robot mereka melawan robot-robot yang diciptakan Dr. Zomboss. Seri ini berisikan informasi mengenai robot dan kegunaannya yang disukai anak-anak.",6,September,2022,162,125000,komik,9786230409554,Disable,Disable,,
662a307019e396f54db04b9c,The Remarkable Story of Soekarno,Adimitra Nursalim,Roemah Soekarno,https://cdn.gramedia.com/uploads/items/soekarno_Wbmilhx.jpg,"Lahir dengan nama Koesno Sosrodihardjo, putra dari Raden Soekemi Sosrodihardjo dan Ida Ayu Nyoman Rai menjalani masa kecilnya sebagai anak yang sakit-sakitan. Oleh karena itu, keduanya memutuskan untuk mengubah nama sang anak dari Koesno Sosrodiharjo menjadi Soekarno. Namun siapa yang mengira bahwa nama Karno yang diberikan oleh keduanya justru menjadi nama tokoh kunci dalam kemerdekaan Indonesia beberapa tahun kemudian. Soekarno tumbuh menjadi pemuda yang kuat dan karismatik, bahkan dalam kancah menuju dan pasca kemerdekaan, Soekarno terbukti telah lihai dalam memainkan hal-hal penting dalam peran-peran sentral yang ia emban.Bagi Belanda, sepak terjang Soekarno dalam memperjuangkan kemerdekaan dirasa cukup meresahkan. Sehingga mereka memutuskan untuk menangkap dan mengasingkan Soekarno beberapa kali. Tapi nyatanya, pengalaman ditangkap dan diasingkan oleh Belanda tidak lantas membuat nyali Soekarno menjadi ciut. Bahkan, hal tersebut membuat semangatnya dalam melawan penjajahan semakin ganas.",9,Januari,2020,306,59500,sejarah,9786232440319,Disable,Disable,,
662a307019e396f54db04b9d,Manajemen Strategik Dan Bisnis,"DR. YANTO RAMLI, M.M.",Bumi Aksara,https://cdn.gramedia.com/uploads/items/Manajemen_Strategik_Dan_Bisnis.jpg,Manajemen Strategik Dan Bisnis,26,Agustus,2022,306,135000,bisnisekonomi,9786233282413,Disable,Disable,,
662a307019e396f54db04b9e,70 Resep Masakan Minang ala Cheche Kitchen,Mince Sriwati,Gramedia Pustaka Utama,https://s3-ap-southeast-1.amazonaws.com/ebook-previews/50261/190363/1.jpg,"Masakan khas Minang menyajikan cita rasa yang khas di lidah para penikmatnya. Makanan asal Sumatera Barat, Indonesia ini identik dengan rasanya yang unik dan kaya bumbu nusantara. Tidak mudah mengikuti resep masakan khas Minang karena prosesnya yang rumit.Buku resep 70 Resep Masakan Minang ala Cheche Kitchen ini hadir untuk mendampingi Anda yang menyukai masakan Minang dan tertarik untuk mencoba memasaknya di rumah. Selain lebih hemat, masakan buatan sendiri tentunya lebih sehat. Buku resep ini cocok dimiliki para ibu rumah tangga yang ingin menyuguhkan makanan sehat yang nikmat untuk keluarganya.",5,Januari,2020,154,130900,resepmasakan,SCOOPG190363,Disable,Disable,,
662a307019e396f54db04b9f,"70 Resep Easy Cook - Praktis, Halal, Non-Msg",Yunita Anwar,Gramedia Pustaka Utama,https://cdn.gramedia.com/uploads/items/COVER_YUNITA_ANWAR_C_1_4_R4-1.jpg,"Memasak hidangan yang lezat, sehat, dan praktis merupakan keinginan kita semua. Terlebih masakan rumah selalu menghadirkan kesan istimewa dan selalu dirindukan oleh keluarga. Lewat buku ini, Yunita Anwar, yang aktif di akun Instagram @yunitaanwar dan baru-baru ini mengunggah konten di YouTube, menyajikan 70 resep masakan favorit keluarga yang halal, tanpa MSG, dan praktis untuk dibuat.Berbagai variasi resep masakan Indonesia, Asian Food, dan Western Food dalam buku ini dapat memberikan inspirasi bagi Anda untuk menyajikan makanan yang bervariasi sehingga tidak membosankan dan bisa dinikmati oleh semua orang, baik dewasa maupun anak-anak.",21,Desember,2021,164,145000,resepmasakan,9786020656823,Disable,Disable,,
662a307019e396f54db04ba0,Fresh & Super Simple Cooking,Eddrian Tjhia,Kawah Media,https://cdn.gramedia.com/uploads/items/208105184.jpg,"Memasak makanan sendiri ternyata lebih baik dari membeli penganan jadi. Banyak hal positif dihasilkan dari memasak sendiri yang akan makanan disantap. Memasak juga membuat tubuh tetap bugar dan aktif, sekaligus bisa memberi rasa kebersamaan di lingkungan keluarga yang dicintai. Banyak resep masakan yang dapat dipelajari untuk membuat masakan sendiri di rumah.Sangat mungkin bahwa makanan yang dibuat di dapur jauh lebih sehat daripada makanan olahan yang ada di supermarket. Selain itu, bisa dipastikan bahwa makanan tersebut lebih rendah kalori dan bergizi daripada makanan yang disajikan di restoran atau gerai cepat saji. Anda dapat memilih resep makanan dan menyajikan pola makan yang sehat.",9,Desember,2021,96,175000,resepmasakan,9789797576899,Disable,Disable,,
662a307019e396f54db04ba1,117 Resep Inspirasi Hidangan Pesta,Redaksi Sedap Saji,Samindra Utama,https://cdn.gramedia.com/uploads/items/9789792365375_117-Resep-Inspirasi-Hidangan-Pesta.jpg,"Memasak merupakan kegiatan yang sangat menyenangkan terutama untuk kalangan wanita. Memasak secara umum adalah persiapan dan proses memilih, mengatur kuantitas, dan mencampur bahan makanan dengan urutan tertentu dengan tujuan untuk mendapatkan hasil yang diinginkan. Memanaskan bahan makanan umumnya tidak selalu mengalami perubahan kimiawi, namun bisa juga mengakibatkan adanya perubahan rasa, tekstur, penampilan dan nilai nutrisi. Memasak adalah kegiatan sehari-hari yang dilakukan oleh para wanita di rumah maupun para koki di rumah makan. Saking banyaknya orang yang berminat untuk memasak, membuat banyak dibukanya kelas-kelas memasak bahkan sudah ada jurusan tata boga pada sekolah-sekolah kejuruan. Video-video tutorial memasak pun sudah sangat mudah ditemukan pada media Youtube, selain resep-resep makanan pun sudah dapat dengan mudah ditemukan melalui majalah makanan maupun di internet.",26,Desember,2017,266,160000,resepmasakan,9789792365375,Disable,Disable,,
662a307019e396f54db04ba2,Indonesia Menghadapi Pandemi,Atma Jaya Institute Of Public Policy (Ajipp),Pbk,https://cdn.gramedia.com/uploads/items/9786232415492.jpg,"Menghadapi tantangan kolosal yang dihadapi peradaban ini, Unika Atma Jaya yang pada 1 Juni 2020 genap berusia 60 tahun menegaskan posisinya, ingin terlibat nyata dalam menyiapkan peradaban setelah hadirnya pandemi korona. Semangat kepedulian ini yang melandasi gagasan penerbitan buku yang berisi kumpulan pemikiran para akademisi di lingkungan Unika Atma Jaya. Buku ini dibuat dengan melibatkan berbagai ahli mulai dari rumpun ekonomi, sosial, hingga kesehatan. Beberapa tulisan bertemakan ekonomi mengupas bagaimana situasi krisis mampu menjadi katalisator munculnya inovasi. Berhubungan dengan itu, pembahasan soal pemanfaatan teknologi maju seperti artificial intelligence dan big data dalam pengambilan keputusan juga menjadi relevan. Buku ini tidak hanya berlaku pada saat pandemi Covid-19, namun juga sebagai pembelajaran untuk menghadapi situasi kebencanaan yang akan datang.",10,November,2020,232,99000,sejarah,9786232415492,Disable,Disable,,
662a307019e396f54db04ba3,Naruto the Movie: Ninja Clash in the Land of Snow Vol. 1,Masashi Kishimoto,Elex Media Komputindo,https://cdn.gramedia.com/uploads/picture_meta/2023/3/12/at8ktkaisa8npmyvrtdypv.jpg,"Naruto dan kawan-kawannya di kelompok 7 ditugasi misi peringkat A untuk menjaga seorang aktris bernama Yukie Fujikaze. Lokasi pengambilan gambar yang mereka tuju adalah Negeri Salju, dan yang menanti Naruto dan kawan-kawan di sana adalah trio ninja dengan senjata penuh trik!! Mengapa mereka mengincar Yukie!? Lalu, apakah Naruto dan kawan-kawannya mampu melindungi Yukie!?",11,Maret,2023,176,60000,komik,9786020283463,Disable,Disable,,
662a307019e396f54db04ba4,Dilan: Dia Adalah Dilanku Tahun 1990,Pidi Baiq,Mizan Publishing,https://cdn.gramedia.com/uploads/items/9786027870864_dilan-1990.jpg,"Novel Dilan: Dia adalah Dilanku Tahun 1990 menceritakan kilas balik Milea pada tahun 1990. Pada tahun tersebut, Milea hanyalah remaja SMA pindahan dari Jakarta ke Bandung. Milea memiliki kehidupan layaknya anak SMA. Semuanya berubah ketika seorang remaja pria bernama Dilan mengajaknya berkenalan di suatu siang pada saat jam pulang sekolah. Kisah pun bergulir. Milea mulai menemukan keseruan berkenalan dengan Dilan yang penuh kejutan dan memiliki segala cara untuk membahagiakan dirinya. Dari perkenalannya inilah Milea dapat melihat sosok Dilan dari sisi yang berbeda bukan Dilan sebagai biang onar di sekolahnya. Milea juga mendapat kesempatan berkenalan dengan keluarga Dilan yang unik dan mengenal Bundanya Dilan lebih dekat. Ide cerita yang disuguhkan novel ini terbilang sederhana yakni kisah cinta anak SMA. Namun yang menarik adalah bagaimana sang penulis novel ini, Pidi Baiq, merajut kisah tersebut dengan percakapan humoris dan romantis. Pembaca akan masuk ke dalam cara pandang Milea melihat sosok Dilan yang usil, pemberani dan setia kawan. Di novel ini banyak cerita yang membuat para remaja senyum-senyum sendiri saat membaca novel ini, karena cerita yang unik dan romantis. Banyak kata-kata dari novel ini yang yang puitis, seperti: Milea kamu cantik, tapi aku belum mencintaimu. Nggak tahu kalau sore. Tunggu aja. (Dilan 1990) Milea jangan pernah bilang ke aku ada yang menyakitimu. Nanti besoknya, orang itu akan hilang. (Dilan 1990) Cinta sejati adalah kenyamanan, kepercayaan, dan dukungan. Kalau kamu tidak setuju, aku tidak peduli. (Dilan 1990)",21,Desember,2015,348,89000,novel,9786027870864,Disable,Enable,,Dilan 1 - Pidi Baiq.pdf
662a307019e396f54db04ba5,Dikta & Hukum,Dhia`an Farah,Asoka Aksara x Loveable,https://www.static-src.com/wcsstore/Indraprastha/images/catalog/full//110/MTA-49078864/loveable_novel_dikta_-_hukum_-_dhia-an_farah_full02_f99609cf.jpg,"Novel Dikta & Hukum merupakan sebuah karya fanfict dengan menjadikan orang nyata sebagai tokoh cerita seperti artis atau idol terkenal. Identitas tokoh dalam cerita akan berbeda karena hanya sebuah imajinasi atau fantasi saja. Novel Dikta & Hukum menceritakan tentang seorang tokoh bernama Dikta yang merupakan mahasiswa hukum tingkat akhir di sebuah universitas ternama dan menjadi salah satu mahasiswa terpintar.Dikta merupakan tokoh idaman semua wanita karena penggambarannya yang sempurna. Ia kaya, rajin, pintar, baik, penyayang dan tentunya berparas tampan. Di sisi lain terdapat tokoh bernama Nadhira yang merupakan anak SMA kelas 12 dengan karakter berbanding terbalik dengan Dikta, pemalas dan mageran. Nadhira dikenal sebagai orang yang banyak mau, keras kepala dan suka mengeluh. Berbeda dengan image Dikta yang dikenal sebagai sosok yang serius dan disiplin.Siapa sangka jika Dikta dijodohkan dengan gadis SMA bernama Nadhira itu dengan sifat dan watak mereka yang amat sangat berbanding terbalik bagai langit dan bumi. Demi menjaga perasaan kedua orang tuanya, mereka terpaksa harus terjebak dalam hubungan yang semakin rumit ini.Seiring berjalannya waktu, Nadhira mulai menaruh rasa suka pada Dikta dan benar saja kali ini Nadhira benar-benar jatuh cinta pada sosok yang sejak dulu hanya dianggapnya sebagai kakak. Meskipun begitu kisah percintaan mereka yang rumit akan dibahas dan rahasia-rahasia Dikta yang selama ini dipendam akan mulai terungkap.""Ini cerita sederhana yang efeknya luar biasa. Engga cuma bikin halu, tapi bikin pintar juga.UUDN = Undang-undang Dikta NadhiraPasal satu, Dasar hukum perjodohan yang mengikat kedua belah pihak (Nadhira dan Dikta).Pasal dua, memuat tentang bagaimana Keduanya tanpa sadar saling menghindar agar tak jatuh hati.Pasal tiga, Menjelaskan kedua belah pihak terhukum dengan jatuh hati yang tak bisa mereka hindari lagi.Pasal empat, ketentuan umum keduanya sebagai kekasih yang saling mengasihi.Pasal lima, Kewenangan absolut Semesta menentukan akhir dari cerita yang mereka yakini akan abadi.",30,Mei,2021,392,95000,novel,9786233100137,Disable,Disable,,
662a307019e396f54db04ba6,Hujan,Tere Liye,Penerbit Sabak Grip,https://cdn.gramedia.com/uploads/items/img20220905_11493451.jpg,"Novel Hujan merupakan novel yang mengisahkan kisah cinta serta perjuangan hidup Lail. Saat usianya baru menginjak 13 tahun, Lail menjadi seorang yatim piatu akibat ayah dan ibu Lail yang terkena letusan Gunung Api Purba dan gempa yang membuat kota tempat mereka tinggal hancur. Lail yang pada saat itu juga termasuk korban bencana berhasil diselamatkan oleh anak laki-laki bernama Esok. Lail dan Esok akhirnya menjadi sepasang yang tak terpisahkan sampai akhirnya mereka harus berpisah karena tempat pengungsian yang mereka tinggali tutup. Lail akhirnya menetap di sebuah panti sosial dan Esok diangkat menjadi anak salah satu keluarga. Mereka menjalani kehidupannya masing-masing. Pertemuan mereka untuk melepas rindu dilakukan rutin sebulan sekali meski akhirnya jadwal pertemuan harus diubah akibat Esok yang harus meneruskan pendidikan di Ibu Kota. Pertemuan mereka berubah menjadi setiap Esok berlibur semester. Frekuensi pertemuan keduanya semakin jarang. Sampai suatu ketika, ayah angkat Esok, wali kota, menemui Lail dan memohon agar Lail menolak tiket yang akan diberikan esok agar tiket tersebut dapat diberikan ke anaknya. Kesalahpahaman pun terjadi. Lail tak kunjung mendapatkan kabar dari Esok. Akhirnya, Lail memutuskan untuk masuk ke ruang modifikasi ingatan. Lail ingin semua memori dan beban yang ada di ingatannya menghilang. Lantas apa yang akan terjadi pada kisah Lail dan Esok?",5,September,2022,320,89000,novel,9786239987879,Disable,Enable,,Hujan - Tere Liye.pdf
662a307019e396f54db04ba7,Obat-Obat Sederhana Untuk Kesehatan Sehari-Hari,Drs. Kirana Rahardja,Elex Media Komputindo,https://cdn.gramedia.com/uploads/picture_meta/2023/1/31/mawhbwnnnij62ybfvspcxp.jpg,"Obat merupakan salah satu unsur penting dan sering menjadi alternatif termurah dalam upaya pemeliharaan kesehatan, terutama untuk pencegahan dan penyembuhan. Seiring meningkatnya pendidikan dan kesadaran masyarakat akan kesehatan, penggunaan obat dalam rangka pengobatan sendiri (self-medication atau self-care) juga meningkat. Tekanan ekonomi juga membuat orang lebih memilih obat bebas yang relatif murah dibanding mengeluarkan biaya dan waktu untuk berkonsultasi medis, khusus untuk gangguan sehari-hari yang hanya bersifat ringan.",2,Februari,2023,344,125000,medis,9786230045592,Disable,Disable,,
662a307019e396f54db04ba8,Studi Kelayakan Bisnis Pendekatan Praktis,Suliyanto,Andi Offset,https://cdn.gramedia.com/uploads/items/9789792915938_Studi-Kelayakan-Bisnis-Pendekatan-Praktis.jpg,"Pembukaan atau pengembangan bisnis baru senantiasa memerlukan studi kelayakan bisnis meskipun dengan tingkat intensitas yang berbeda-beda. Oleh karena itu, pemahaman terhadap penyusunan studi kelayakan bisnis sangat penting, baik bagi dunia bisnis maupun bagi dunia akademis. Bagi para pelaku bisnis buku ini penting untuk membantu dalam mengambil keputusan bisnis, sedangkan bagi kalangan akademisi buku ini penting untuk memahami langkah-langkah praktis dalam penyusunan studi kelayakan bisnis.",23,Januari,2017,318,115000,bisnisekonomi,9789792915938,Disable,Disable,,
662a307019e396f54db04ba9,Sejarah Lengkap Perang Dunia 1 (1914-1918),Alfi Arifian,Sociality,https://cdn.gramedia.com/uploads/items/sejarah_UuXRFLd.jpg,"Perang Dunia I (WW1) adalah kontes gladiator terbesar sepanjang sejarah umat manusia yang melibatkan para hegemon Eropa serta koloninya. Vladimir Lenin, sang tokoh komunis Rusia yang dijuluki virus oleh para hegemon Eropa menyebut perang ini sebagai perangnya bangsawan bukan perang rakyat. Pemikirannya yang dilandasi sikap anti kaum ningrat dan prorakyat ini nantinya melahirkan gagasan berdirinya negara komunis di Rusia setelah berhasil menumbangkan dinasti penguasa kekaisaran Rusia, Dinasti Romanov melalui serangkaian revolusi, yaitu Revolusi Februari dan Revolusi Oktober 1917.",17,Februari,2020,336,79500,sejarah,9786232441323,Disable,Disable,,
662a307019e396f54db04baa,Inspirasi & Motivasi B.J. HABIBIE,Punto Ali Fahmi,Checklist,https://id-test-11.slatic.net/p/59bf6a5ca6e300332e69a0c30f1490a6.jpg,"Prof. Dr. Ing. H. Bacharuddin Jusuf Habibie, seorang putra bangsa yang memiliki segudang prestasi baik nasional maupun internasional. presiden ke 3 Republik Indonesia ini terkenal sebagai si jenius dalam bidang kedirgantaraan.Tanpa mengenal lelah dan menyerah, hari-harinya didedikasikan penuh untuk bangsa dan negeri tercinta. Semangatnya yang begitu menggelora dan kisah hidupnya yang luar biasa hebat begitu menginspirasi masyarakat Indonesia.Buku ini menapak tilas perjalanan hidup B.J. Habibie, mulai dari masa kecilnya hingga menjelang akhir hayatnya. Dari kisah sang insinyur ini, kita bisa mengambil banyak pesan dan hikmah yang sangat bermanfaat bagi hidup kita.Beberapa bahasan yang diangkat di dalam buku ini, antara lain:Bagaimana masa kecil BJ. Habibie?Bagaimana perjuangan BJ. Habibie selama menempuh pendidikan diIndonesia dan Jerman?Apa saja prestasi dan karya BJ. Habibie?Bagaimana sepak terjang BJ. Habibie dalam industri pesawat terbang Indonesia?Bagaimana kiprah BJ. Habibie semasa menjadi politikus?Apa saja kebijakan yang dikeluarkan B.J Habibie selama menjadi presiden?Siapa orang yang berperan penting dalam hidup BJ. Habibie?BJ. Habibie memang telah berpulang, tapi sosoknya dan baktinya terhadap tanah air akan terus terkenang.Buku ini layak dibaca oleh semua kalangan untuk meneladani semangat juang dan dedikasi B. J. Habibie dalam mengembangkan dunia dirgantara. Kiranya, semangat dan dedikasi Habibie dapat menginspirasi kita semua untuk membawa bangsa ini kepada kegemilangan.",4,Desember,2019,200,54000,inspirasi,9786237046868,Disable,Disable,,
662a307019e396f54db04bab,Akasha : Solanin - Special Edition,Inio Asano,m&c!,https://cdn.gramedia.com/uploads/picture_meta/2023/8/17/jcpsw9qfkibdyezixtjwju.jpg,"Saat ini pun, kadang melodi itu masih terdengar kembali.Tapi aku takkan bisa kembali ke diriku dimasa itu¦ karena aku sudah berjalan terlalu jauh.Dan aku akan terus melangkah maju.Meski jalan itu berliku tajam dan membentang sampai ujung dunia.Sebuah komik populer yang mengundang simpati dan dukungan deras dari seluruh Jepang kini hadir dalam versi baru!Volume ini mencakup ""Episode 29"", karya baru pertama yang digambar dalam 12 tahun Datanglah Musim Semi, dan ilustrasi warna yang belum pernah dipublikasikan sebelumnya.",16,Agustus,2023,472,118000,komik,9786230310966,Disable,Disable,,
662a307019e396f54db04bac,Akasha : Neon Genesis Evangelion - Collector's Edition 03,Yoshiyuki Sadamoto/khara/ Gainax,m&c!,https://cdn.gramedia.com/uploads/picture_meta/2024/2/16/ademqudiwx943kpy3dwshj.jpg,"Saat Shinji dan ayahnya mengunjungi makam ibunya, Angel kembali menyerang! Saat ini tiga unit Eva bekerja sama untuk menghadang Angel!",15,Februari,2024,368,110000,komik,9786230312182,Disable,Disable,,
662a307019e396f54db04bad,Buku Pintar Percakapan Bahasa Arab,Syarif Zahir,E Prim,https://cdn.gramedia.com/uploads/items/9786023980338_Buku-Pintar-Percakapan-Bahasa-Arab.jpg,Salah satu cara yang efektif untuk belajar bahasa Arab adalah dengan langsung belajar percakapan dari keseharian yang biasa dilakukan. Begitu juga untuk anak-anak maupun orang dewasa yang ingin belajar bahasa Arab secara otodidak. Untuk itu buku Buku Pintar Percakapan Bahasa Arab karya Syarif Zahir ini hadir dengan konsep pembelajaran yang sangat menyenangkan dan juga mudah. Sangat menyenangkan karena materi yang disajikan sangatlah dekat dengan dunia keseharian dan juga disajikan dengan bahasa yang sangat menarik dan mudah dimengerti.,19,April,2018,200,55000,bahasaasing,9786023980338,Disable,Disable,,
662a307019e396f54db04bae,Keajaiban Air Mineral Bagi Kesehatan,"Karina Nurin R & Anzhor Adhi S, Amd.Kep",Unicorn Publishing,https://cdn.gramedia.com/uploads/items/keajaiban-air-mineral-bagi-kesehatan-55-KEAJAIBAN_AIR_MINERAL.jpg,"Sangat penting bagi kita untuk menjaga kesehatan. Melalui buku kesehatan yang bertajuk Keajaiban Air Mineral Bagi Kesehatan ini, penulis memberikan sebuah terapi yang sangat bermanfaat bagi kesehatan dan kelangsungan hidup Anda.Buku ini menyajikan 10 bab pembahasan tentang manfaat Air mineral bagi kesehatan.Dengan bahasa yang mudah dipahami serta dilengkapi dengan penjelasan ilmiah, diharapkan agar pembaca dengan mudah untuk menyerap setiap ilmu yang dibahas dalam buku ini. Sebab, hidup sehat adalah prioritas utama Anda.",4,September,2019,216,45500,medis,9786237210023,Disable,Disable,,
662a307019e396f54db04baf,10 Steps To A More Fulfilling Life: Menjadi Pribadi yang Bahagia & Inspiratif,Dale Carnegie,Bhuana Ilmu Populer,https://ebooks.gramedia.com/ebook-covers/65693/image_highres/BLK_MPYBDI2021879020.jpg,"Sebagian orang, menikmati hidup berlimpah dan sempurna yang mereka miliki. Orang-orang ini ibarat sebuah magnet; sangat bersinar, riang, dan menarik, sampai-sampai mereka tak perlu memaksa atau meminta orang lain untuk “membukakan jalan” bagi mereka. Pintu-pintu akan selalu terbuka lebar dan mengundang mereka untuk memasukinya. Kehadiran mereka juga akan membuat orang lain menjadi nyaman dan bahagia. Mereka paham bagaimana cara terbaik untuk membujuk orang lain, bahkan tanpa harus mengucapkan sepatah kata pun. Mereka sangat populer dalam lingkungan sosial dan pergaulan, bahkan pekerjaan dan karier mereka pun dapat melesat dengan pesat.Kemudian, dapatkah Anda menjelma menjadi pribadi yang menggoda ini? Ya, tentu saja bisa hanya dengan membaca buku yang satu ini!",7, Juli,2021,280,85000,inspirasi,9786230403910,Disable,Disable,,
662a307019e396f54db04bb0,250++ Tanya Jawab Seputar Kanker - Jawaban Para Ahli,"Prof. Dr. Dr. Soehartati Gondhowiardjo, Sp.Rad(K)Onk.Rad",UI Publishing,https://cdn.gramedia.com/uploads/items/250_Tanya_Jawab_Seputar_Kanker_Jawaban_Para_Ahli.jpg,"Seperti yang diketahui bahwa penyakit kanker merupakan salah satu penyakit yang seringkali diderita. Kebanyakan penderita penyakit kanker sendiri kebanyakan tidak menyadari bahwa telah menderita penyakit kanker. Sehingga, keterlambatan dalam mengindikasi kanker tersebut membuat sel-sel kanker yang ada dalam tubuh penderita lebih sulit untuk disembuhkan.Melalui buku ini, penulis menyajikan informasi yang padat mengenai penyakit kanker. Penulis pun menjelaskan, untuk menang melawan penyakit kanker deteksi dini adalah hal yang berperan sangat penting. Selain itu, upaya-upaya pencegahan pun dapat menekan angka kematian orang yang menderita kanker.Penulis mengatakan, bahwa buku ini ditujukan untuk para penyintas, keluarga maupun masyarakat awam agar lebih mengenal mengenai penyakit kanker. Melalui informasi yang disajikan dalam buku ini, penulis berharap bahwa para penyintas kanker dapat mengenal lebih dalam mengenai kanker itu sendiri.",26,November,2021,159,120000,medis,9786025140570,Disable,Disable,,
662a307019e396f54db04bb1,Level Comic: Bungo Stray Dogs 02,Kafka Asagiri,Elex Media Komputindo,https://cdn.gramedia.com/uploads/picture_meta/2022/11/25/hxwhnt79lwt4zrmjbbx7gk.jpg,"Setelah melalui pertarungan sengit dengan Akutagawa, lalu siuman di ruang perawatan kantor Agensi Detektif Bersenjata, Atsushi Nakajima kabur karena merasa tidak boleh merepotkan agensi lebih dari ini. Namun, Mafia mengirimkan Ryuro Hirotsu dari Kelompok Petarung ""Kadal Hitam"" yang keji ke kantor agensi!? Tidak hanya itu, para pemilik kemampuan khusus dari Port Mafia pun berturut-turut menyerang, seperti Motojiro Kajii si pengebom dan Kyoka Izumi si gadis kecil berpakaian tradisional. Simak jilid 2 dari kisah aksi pertarungan antartokoh sastra pemilik kemampuan khusus ini!!",29,November,2022,204,50000,komik,9786230036422,Disable,Disable,,
662a307019e396f54db04bb2,Educomics Plants vs Zombies Komik Sains Robot: Aku Superstar!,Xiao Jiang Nan,Bhuana Ilmu Populer,https://cdn.gramedia.com/uploads/picture_meta/2022/11/24/hxdbobdhuommd3mkrgkv4e.jpg,"Solar Flare ingin menjadi superstar. Dia bersama Green Shadow mendatangi Pameran Film Starlight. Namun saat perjalanan pulang, mereka dihadang oleh robot milik Super Brainz. Tidak disangka, pertempuran mereka melawan robot itu menarik perharian Sutradara Imitater yang berencana ingin membuat film aksi-fiksi ilmiah. Pencarian dana untuk membuat film dan mencari pemeran film pun dimulai. Super Brainz yang mengetahui rencana Plant dalam membuat film, ingin menyabotase pembuatan film tersebut. Berhasilkan para Plant membuat film aksi-fiksi ilmiah ini? Yuk, ikuti kisah mereka dalam berhadapan dengan Super Brainz! Komik Plants vs Zombie Robot Sains ini mengisahkan Green Shadwo dan Solar Flare bersama robot mereka meleawan robot-robot yang diciptakan Dr. Zomboss. Seri ini berisikan informasi mengenai robot dan kegunaannya yang disukai anak-anak.",29,November,2022,162,125000,komik,9786230410161,Disable,Disable,,
662a307019e396f54db04bb3,"Covid-19 Update: New Normal, Vaksinasi, Dan Fakta-Fakta Baru Yang Perlu Anda Ketahui",Diyan Yulianto,Arruz Media,https://cdn.gramedia.com/uploads/items/9786023135998.jpg,"Telah lebih dari setahun masyarakat di seluruh dunia hidup di bawah bayang-bayang pandemi Covid-19. Pandemi yang belum diketahui kapan pastinya akan mereda, memaksa kita untuk beradaptasi dengan bermacam kebiasaan yang baru. Hidup normal di masa pandemi tentu akan terasa sangat berbeda dengan kehidupan normal sebelum adanya pandemi. Mau tak mau, kita harus menyelaraskan diri beraktivitas dengan serangkaian protokol kesehatan yang telah ditentukan.",30,Mei,2021,158,50000,medis,9786023135998,Disable,Disable,,
662a307019e396f54db04bb4,Tentang Tubuhmu,dr. Gia Pratama,Qanita,https://cdn.gramedia.com/uploads/items/Mockup-Isi-Buku-Terbuka.jpg,Tentang Tubuhmu,16,September,2020,190,95000,medis,9786024021818,Disable,Disable,,
662a307019e396f54db04bb5,How To See?,Asabell Audida,Romancious,https://filebroker-cdn.lazada.co.id/kf/Se71000280f754797812fbb1faa26dba0c.jpg,"Vee, sosok makhluk yang mampu membentangkan sayap raksasa di punggungnya---guardian yang dibebani dengan tanggung jawab menjaga keseimbangan dunia.Sebuah peristiwa membuatnya harus kehilangan healer-nyasosok penyembuh yang menyempurnakan dirinya.Membutuhkan keabadian, Vee butuh healer pengganti. Hanya ada satu cara untuk Vee kembali menjadi guardian yang sempurna, cara mendapatkan healer yang mampu mengimbangi dirinya. Ia harus menemukan Sky---satu-satunya yang bisa membantunya mendapatkan healer lagi.Sky, manusia yang takut gelap, harus mengalami kebutaan karena suatu kecelakaan. Hal ini membuatnya kerap putus asa atas kondisinya. Namun, semuanya berubah saat Vee datang ke kehidupannya, memberikannya secercah harapan yang tak pernah ia duga sebelumnya, dengan satu penawaran yang tak kalah mengejutkannya.Lantas, bagaimanakah keputusan Sky?Apakah ia akan menerima tawaran Vee agar bisa melihat kembali?Apakah Sky siap untuk hidup dengan makhluk yang tidak pernah ia lihat sebelumnya?Atau, memilih untuk buta selamanya?*Vee: ""Aku bisa membuatmu melihat lagi. Apa kau mau?""Sky: ""Ta-tapi, ak-aku ingin pulang. Aku tidak mau melakukannya.Vee: ""Jika kau terus menangis, aku tidak akan pernah memulangkanmu.""Sky: ""Jadi, aku bisa pulang?""Vee: ""Bisa, setelah kau memberikanku healer yang sempurna.""",19,Juli,2009,280,99500,novel,9786233100151,Disable,Disable,,
662a307019e396f54db04bb6,Sapiens,Yuval Noah Harari,Kepustakaan Populer Gramedia,https://cdn.gramedia.com/uploads/items/591701404_sapiens.jpg,"Yuval Harari menceritakan kisah penciptaan dan evolusi umat manusia, menjelajahi cara-cara biologi dan sejarah telah mendefinisikan kita dan meningkatkan pemahaman kita tentang apa artinya menjadi manusia. Dari peran seorang manusia yang berevolusi dalam ekosistem global, hingga memetakan kebangkitan kerajaan. Sapiens menantang kita untuk mempertimbangkan kembali kepercayaan yang diterima, menghubungkan perkembangan masa lalu dengan masalah kontemporer, dan melihat peristiwa tertentu dalam konteks gagasan yang lebih besar. Sapiens membahas sisi yang tak banyak diungkit buku sejarah atau evolusi manusia lain: bagaimana manusia berangkat dari sekadar satu spesies hewan menjadi makhluk berperadaban, melalui tiga revolusi” Kognitif, Pertanian, dan Sains. Telusuri peran bahasa, pertanian, sampai gosip dan fiksi dalam kesuksesan manusia, juga arti kebahagiaan manusia dan ujung riwayat spesies kita. Menarik dan provokatif... membuat kita sadar bahwa kita baru sebentar hadir di Bumi ini, bahwa pertanian dan sains baru-baru saja ada, dan sebaiknya kita jangan menganggap enteng semua itu. - Presiden Barack Obama",10,September,2017,544,125000,sejarah,9786024244163,Disable,Disable,,